,word,score
0,saaes,12592
0,saaee,9992
0,saaey,9780
0,saaea,9138
0,saaed,9127
0,saaas,11380
0,saaae,8780
0,saaay,8568
0,saaaa,7926
0,saaad,7915
0,saais,11109
0,saaie,8509
0,saaiy,8297
0,saaia,7655
0,saaid,7644
0,saats,11100
0,saate,8500
0,saaty,8288
0,saata,7646
0,saatd,7635
0,saans,10946
0,saane,8346
0,saany,8134
0,saana,7492
0,saand,7481
0,sares,12572
0,saree,9972
0,sarey,9760
0,sarea,9118
0,sared,9107
0,saras,11360
0,sarae,8760
0,saray,8548
0,saraa,7906
0,sarad,7895
0,saris,11089
0,sarie,8489
0,sariy,8277
0,saria,7635
0,sarid,7624
0,sarts,11080
0,sarte,8480
0,sarty,8268
0,sarta,7626
0,sartd,7615
0,sarns,10926
0,sarne,8326
0,sarny,8114
0,sarna,7472
0,sarnd,7461
0,saies,12391
0,saiee,9791
0,saiey,9579
0,saiea,8937
0,saied,8926
0,saias,11179
0,saiae,8579
0,saiay,8367
0,saiaa,7725
0,saiad,7714
0,saiis,10908
0,saiie,8308
0,saiiy,8096
0,saiia,7454
0,saiid,7443
0,saits,10899
0,saite,8299
0,saity,8087
0,saita,7445
0,saitd,7434
0,sains,10745
0,saine,8145
0,sainy,7933
0,saina,7291
0,saind,7280
0,sanes,12337
0,sanee,9737
0,saney,9525
0,sanea,8883
0,saned,8872
0,sanas,11125
0,sanae,8525
0,sanay,8313
0,sanaa,7671
0,sanad,7660
0,sanis,10854
0,sanie,8254
0,saniy,8042
0,sania,7400
0,sanid,7389
0,sants,10845
0,sante,8245
0,santy,8033
0,santa,7391
0,santd,7380
0,sanns,10691
0,sanne,8091
0,sanny,7879
0,sanna,7237
0,sannd,7226
0,saoes,12331
0,saoee,9731
0,saoey,9519
0,saoea,8877
0,saoed,8866
0,saoas,11119
0,saoae,8519
0,saoay,8307
0,saoaa,7665
0,saoad,7654
0,saois,10848
0,saoie,8248
0,saoiy,8036
0,saoia,7394
0,saoid,7383
0,saots,10839
0,saote,8239
0,saoty,8027
0,saota,7385
0,saotd,7374
0,saons,10685
0,saone,8085
0,saony,7873
0,saona,7231
0,saond,7220
0,soaes,12324
0,soaee,9724
0,soaey,9512
0,soaea,8870
0,soaed,8859
0,soaas,11112
0,soaae,8512
0,soaay,8300
0,soaaa,7658
0,soaad,7647
0,soais,10841
0,soaie,8241
0,soaiy,8029
0,soaia,7387
0,soaid,7376
0,soats,10832
0,soate,8232
0,soaty,8020
0,soata,7378
0,soatd,7367
0,soans,10678
0,soane,8078
0,soany,7866
0,soana,7224
0,soand,7213
0,sores,12304
0,soree,9704
0,sorey,9492
0,sorea,8850
0,sored,8839
0,soras,11092
0,sorae,8492
0,soray,8280
0,soraa,7638
0,sorad,7627
0,soris,10821
0,sorie,8221
0,soriy,8009
0,soria,7367
0,sorid,7356
0,sorts,10812
0,sorte,8212
0,sorty,8000
0,sorta,7358
0,sortd,7347
0,sorns,10658
0,sorne,8058
0,sorny,7846
0,sorna,7204
0,sornd,7193
0,soies,12123
0,soiee,9523
0,soiey,9311
0,soiea,8669
0,soied,8658
0,soias,10911
0,soiae,8311
0,soiay,8099
0,soiaa,7457
0,soiad,7446
0,soiis,10640
0,soiie,8040
0,soiiy,7828
0,soiia,7186
0,soiid,7175
0,soits,10631
0,soite,8031
0,soity,7819
0,soita,7177
0,soitd,7166
0,soins,10477
0,soine,7877
0,soiny,7665
0,soina,7023
0,soind,7012
0,sones,12069
0,sonee,9469
0,soney,9257
0,sonea,8615
0,soned,8604
0,sonas,10857
0,sonae,8257
0,sonay,8045
0,sonaa,7403
0,sonad,7392
0,sonis,10586
0,sonie,7986
0,soniy,7774
0,sonia,7132
0,sonid,7121
0,sonts,10577
0,sonte,7977
0,sonty,7765
0,sonta,7123
0,sontd,7112
0,sonns,10423
0,sonne,7823
0,sonny,7611
0,sonna,6969
0,sonnd,6958
0,sooes,12063
0,sooee,9463
0,sooey,9251
0,sooea,8609
0,sooed,8598
0,sooas,10851
0,sooae,8251
0,sooay,8039
0,sooaa,7397
0,sooad,7386
0,soois,10580
0,sooie,7980
0,sooiy,7768
0,sooia,7126
0,sooid,7115
0,soots,10571
0,soote,7971
0,sooty,7759
0,soota,7117
0,sootd,7106
0,soons,10417
0,soone,7817
0,soony,7605
0,soona,6963
0,soond,6952
0,seaes,11767
0,seaee,9167
0,seaey,8955
0,seaea,8313
0,seaed,8302
0,seaas,10555
0,seaae,7955
0,seaay,7743
0,seaaa,7101
0,seaad,7090
0,seais,10284
0,seaie,7684
0,seaiy,7472
0,seaia,6830
0,seaid,6819
0,seats,10275
0,seate,7675
0,seaty,7463
0,seata,6821
0,seatd,6810
0,seans,10121
0,seane,7521
0,seany,7309
0,seana,6667
0,seand,6656
0,seres,11747
0,seree,9147
0,serey,8935
0,serea,8293
0,sered,8282
0,seras,10535
0,serae,7935
0,seray,7723
0,seraa,7081
0,serad,7070
0,seris,10264
0,serie,7664
0,seriy,7452
0,seria,6810
0,serid,6799
0,serts,10255
0,serte,7655
0,serty,7443
0,serta,6801
0,sertd,6790
0,serns,10101
0,serne,7501
0,serny,7289
0,serna,6647
0,sernd,6636
0,seies,11566
0,seiee,8966
0,seiey,8754
0,seiea,8112
0,seied,8101
0,seias,10354
0,seiae,7754
0,seiay,7542
0,seiaa,6900
0,seiad,6889
0,seiis,10083
0,seiie,7483
0,seiiy,7271
0,seiia,6629
0,seiid,6618
0,seits,10074
0,seite,7474
0,seity,7262
0,seita,6620
0,seitd,6609
0,seins,9920
0,seine,7320
0,seiny,7108
0,seina,6466
0,seind,6455
0,senes,11512
0,senee,8912
0,seney,8700
0,senea,8058
0,sened,8047
0,senas,10300
0,senae,7700
0,senay,7488
0,senaa,6846
0,senad,6835
0,senis,10029
0,senie,7429
0,seniy,7217
0,senia,6575
0,senid,6564
0,sents,10020
0,sente,7420
0,senty,7208
0,senta,6566
0,sentd,6555
0,senns,9866
0,senne,7266
0,senny,7054
0,senna,6412
0,sennd,6401
0,seoes,11506
0,seoee,8906
0,seoey,8694
0,seoea,8052
0,seoed,8041
0,seoas,10294
0,seoae,7694
0,seoay,7482
0,seoaa,6840
0,seoad,6829
0,seois,10023
0,seoie,7423
0,seoiy,7211
0,seoia,6569
0,seoid,6558
0,seots,10014
0,seote,7414
0,seoty,7202
0,seota,6560
0,seotd,6549
0,seons,9860
0,seone,7260
0,seony,7048
0,seona,6406
0,seond,6395
0,siaes,11508
0,siaee,8908
0,siaey,8696
0,siaea,8054
0,siaed,8043
0,siaas,10296
0,siaae,7696
0,siaay,7484
0,siaaa,6842
0,siaad,6831
0,siais,10025
0,siaie,7425
0,siaiy,7213
0,siaia,6571
0,siaid,6560
0,siats,10016
0,siate,7416
0,siaty,7204
0,siata,6562
0,siatd,6551
0,sians,9862
0,siane,7262
0,siany,7050
0,siana,6408
0,siand,6397
0,sires,11488
0,siree,8888
0,sirey,8676
0,sirea,8034
0,sired,8023
0,siras,10276
0,sirae,7676
0,siray,7464
0,siraa,6822
0,sirad,6811
0,siris,10005
0,sirie,7405
0,siriy,7193
0,siria,6551
0,sirid,6540
0,sirts,9996
0,sirte,7396
0,sirty,7184
0,sirta,6542
0,sirtd,6531
0,sirns,9842
0,sirne,7242
0,sirny,7030
0,sirna,6388
0,sirnd,6377
0,siies,11307
0,siiee,8707
0,siiey,8495
0,siiea,7853
0,siied,7842
0,siias,10095
0,siiae,7495
0,siiay,7283
0,siiaa,6641
0,siiad,6630
0,siiis,9824
0,siiie,7224
0,siiiy,7012
0,siiia,6370
0,siiid,6359
0,siits,9815
0,siite,7215
0,siity,7003
0,siita,6361
0,siitd,6350
0,siins,9661
0,siine,7061
0,siiny,6849
0,siina,6207
0,siind,6196
0,sines,11253
0,sinee,8653
0,siney,8441
0,sinea,7799
0,sined,7788
0,sinas,10041
0,sinae,7441
0,sinay,7229
0,sinaa,6587
0,sinad,6576
0,sinis,9770
0,sinie,7170
0,siniy,6958
0,sinia,6316
0,sinid,6305
0,sints,9761
0,sinte,7161
0,sinty,6949
0,sinta,6307
0,sintd,6296
0,sinns,9607
0,sinne,7007
0,sinny,6795
0,sinna,6153
0,sinnd,6142
0,sioes,11247
0,sioee,8647
0,sioey,8435
0,sioea,7793
0,sioed,7782
0,sioas,10035
0,sioae,7435
0,sioay,7223
0,sioaa,6581
0,sioad,6570
0,siois,9764
0,sioie,7164
0,sioiy,6952
0,sioia,6310
0,sioid,6299
0,siots,9755
0,siote,7155
0,sioty,6943
0,siota,6301
0,siotd,6290
0,sions,9601
0,sione,7001
0,siony,6789
0,siona,6147
0,siond,6136
0,suaes,11278
0,suaee,8678
0,suaey,8466
0,suaea,7824
0,suaed,7813
0,suaas,10066
0,suaae,7466
0,suaay,7254
0,suaaa,6612
0,suaad,6601
0,suais,9795
0,suaie,7195
0,suaiy,6983
0,suaia,6341
0,suaid,6330
0,suats,9786
0,suate,7186
0,suaty,6974
0,suata,6332
0,suatd,6321
0,suans,9632
0,suane,7032
0,suany,6820
0,suana,6178
0,suand,6167
0,sures,11258
0,suree,8658
0,surey,8446
0,surea,7804
0,sured,7793
0,suras,10046
0,surae,7446
0,suray,7234
0,suraa,6592
0,surad,6581
0,suris,9775
0,surie,7175
0,suriy,6963
0,suria,6321
0,surid,6310
0,surts,9766
0,surte,7166
0,surty,6954
0,surta,6312
0,surtd,6301
0,surns,9612
0,surne,7012
0,surny,6800
0,surna,6158
0,surnd,6147
0,suies,11077
0,suiee,8477
0,suiey,8265
0,suiea,7623
0,suied,7612
0,suias,9865
0,suiae,7265
0,suiay,7053
0,suiaa,6411
0,suiad,6400
0,suiis,9594
0,suiie,6994
0,suiiy,6782
0,suiia,6140
0,suiid,6129
0,suits,9585
0,suite,6985
0,suity,6773
0,suita,6131
0,suitd,6120
0,suins,9431
0,suine,6831
0,suiny,6619
0,suina,5977
0,suind,5966
0,sunes,11023
0,sunee,8423
0,suney,8211
0,sunea,7569
0,suned,7558
0,sunas,9811
0,sunae,7211
0,sunay,6999
0,sunaa,6357
0,sunad,6346
0,sunis,9540
0,sunie,6940
0,suniy,6728
0,sunia,6086
0,sunid,6075
0,sunts,9531
0,sunte,6931
0,sunty,6719
0,sunta,6077
0,suntd,6066
0,sunns,9377
0,sunne,6777
0,sunny,6565
0,sunna,5923
0,sunnd,5912
0,suoes,11017
0,suoee,8417
0,suoey,8205
0,suoea,7563
0,suoed,7552
0,suoas,9805
0,suoae,7205
0,suoay,6993
0,suoaa,6351
0,suoad,6340
0,suois,9534
0,suoie,6934
0,suoiy,6722
0,suoia,6080
0,suoid,6069
0,suots,9525
0,suote,6925
0,suoty,6713
0,suota,6071
0,suotd,6060
0,suons,9371
0,suone,6771
0,suony,6559
0,suona,5917
0,suond,5906
0,paaes,12056
0,paaee,9456
0,paaey,9244
0,paaea,8602
0,paaed,8591
0,paaas,10844
0,paaae,8244
0,paaay,8032
0,paaaa,7390
0,paaad,7379
0,paais,10573
0,paaie,7973
0,paaiy,7761
0,paaia,7119
0,paaid,7108
0,paats,10564
0,paate,7964
0,paaty,7752
0,paata,7110
0,paatd,7099
0,paans,10410
0,paane,7810
0,paany,7598
0,paana,6956
0,paand,6945
0,pares,12036
0,paree,9436
0,parey,9224
0,parea,8582
0,pared,8571
0,paras,10824
0,parae,8224
0,paray,8012
0,paraa,7370
0,parad,7359
0,paris,10553
0,parie,7953
0,pariy,7741
0,paria,7099
0,parid,7088
0,parts,10544
0,parte,7944
0,party,7732
0,parta,7090
0,partd,7079
0,parns,10390
0,parne,7790
0,parny,7578
0,parna,6936
0,parnd,6925
0,paies,11855
0,paiee,9255
0,paiey,9043
0,paiea,8401
0,paied,8390
0,paias,10643
0,paiae,8043
0,paiay,7831
0,paiaa,7189
0,paiad,7178
0,paiis,10372
0,paiie,7772
0,paiiy,7560
0,paiia,6918
0,paiid,6907
0,paits,10363
0,paite,7763
0,paity,7551
0,paita,6909
0,paitd,6898
0,pains,10209
0,paine,7609
0,painy,7397
0,paina,6755
0,paind,6744
0,panes,11801
0,panee,9201
0,paney,8989
0,panea,8347
0,paned,8336
0,panas,10589
0,panae,7989
0,panay,7777
0,panaa,7135
0,panad,7124
0,panis,10318
0,panie,7718
0,paniy,7506
0,pania,6864
0,panid,6853
0,pants,10309
0,pante,7709
0,panty,7497
0,panta,6855
0,pantd,6844
0,panns,10155
0,panne,7555
0,panny,7343
0,panna,6701
0,pannd,6690
0,paoes,11795
0,paoee,9195
0,paoey,8983
0,paoea,8341
0,paoed,8330
0,paoas,10583
0,paoae,7983
0,paoay,7771
0,paoaa,7129
0,paoad,7118
0,paois,10312
0,paoie,7712
0,paoiy,7500
0,paoia,6858
0,paoid,6847
0,paots,10303
0,paote,7703
0,paoty,7491
0,paota,6849
0,paotd,6838
0,paons,10149
0,paone,7549
0,paony,7337
0,paona,6695
0,paond,6684
0,poaes,11788
0,poaee,9188
0,poaey,8976
0,poaea,8334
0,poaed,8323
0,poaas,10576
0,poaae,7976
0,poaay,7764
0,poaaa,7122
0,poaad,7111
0,poais,10305
0,poaie,7705
0,poaiy,7493
0,poaia,6851
0,poaid,6840
0,poats,10296
0,poate,7696
0,poaty,7484
0,poata,6842
0,poatd,6831
0,poans,10142
0,poane,7542
0,poany,7330
0,poana,6688
0,poand,6677
0,pores,11768
0,poree,9168
0,porey,8956
0,porea,8314
0,pored,8303
0,poras,10556
0,porae,7956
0,poray,7744
0,poraa,7102
0,porad,7091
0,poris,10285
0,porie,7685
0,poriy,7473
0,poria,6831
0,porid,6820
0,ports,10276
0,porte,7676
0,porty,7464
0,porta,6822
0,portd,6811
0,porns,10122
0,porne,7522
0,porny,7310
0,porna,6668
0,pornd,6657
0,poies,11587
0,poiee,8987
0,poiey,8775
0,poiea,8133
0,poied,8122
0,poias,10375
0,poiae,7775
0,poiay,7563
0,poiaa,6921
0,poiad,6910
0,poiis,10104
0,poiie,7504
0,poiiy,7292
0,poiia,6650
0,poiid,6639
0,poits,10095
0,poite,7495
0,poity,7283
0,poita,6641
0,poitd,6630
0,poins,9941
0,poine,7341
0,poiny,7129
0,poina,6487
0,poind,6476
0,pones,11533
0,ponee,8933
0,poney,8721
0,ponea,8079
0,poned,8068
0,ponas,10321
0,ponae,7721
0,ponay,7509
0,ponaa,6867
0,ponad,6856
0,ponis,10050
0,ponie,7450
0,poniy,7238
0,ponia,6596
0,ponid,6585
0,ponts,10041
0,ponte,7441
0,ponty,7229
0,ponta,6587
0,pontd,6576
0,ponns,9887
0,ponne,7287
0,ponny,7075
0,ponna,6433
0,ponnd,6422
0,pooes,11527
0,pooee,8927
0,pooey,8715
0,pooea,8073
0,pooed,8062
0,pooas,10315
0,pooae,7715
0,pooay,7503
0,pooaa,6861
0,pooad,6850
0,poois,10044
0,pooie,7444
0,pooiy,7232
0,pooia,6590
0,pooid,6579
0,poots,10035
0,poote,7435
0,pooty,7223
0,poota,6581
0,pootd,6570
0,poons,9881
0,poone,7281
0,poony,7069
0,poona,6427
0,poond,6416
0,peaes,11231
0,peaee,8631
0,peaey,8419
0,peaea,7777
0,peaed,7766
0,peaas,10019
0,peaae,7419
0,peaay,7207
0,peaaa,6565
0,peaad,6554
0,peais,9748
0,peaie,7148
0,peaiy,6936
0,peaia,6294
0,peaid,6283
0,peats,9739
0,peate,7139
0,peaty,6927
0,peata,6285
0,peatd,6274
0,peans,9585
0,peane,6985
0,peany,6773
0,peana,6131
0,peand,6120
0,peres,11211
0,peree,8611
0,perey,8399
0,perea,7757
0,pered,7746
0,peras,9999
0,perae,7399
0,peray,7187
0,peraa,6545
0,perad,6534
0,peris,9728
0,perie,7128
0,periy,6916
0,peria,6274
0,perid,6263
0,perts,9719
0,perte,7119
0,perty,6907
0,perta,6265
0,pertd,6254
0,perns,9565
0,perne,6965
0,perny,6753
0,perna,6111
0,pernd,6100
0,peies,11030
0,peiee,8430
0,peiey,8218
0,peiea,7576
0,peied,7565
0,peias,9818
0,peiae,7218
0,peiay,7006
0,peiaa,6364
0,peiad,6353
0,peiis,9547
0,peiie,6947
0,peiiy,6735
0,peiia,6093
0,peiid,6082
0,peits,9538
0,peite,6938
0,peity,6726
0,peita,6084
0,peitd,6073
0,peins,9384
0,peine,6784
0,peiny,6572
0,peina,5930
0,peind,5919
0,penes,10976
0,penee,8376
0,peney,8164
0,penea,7522
0,pened,7511
0,penas,9764
0,penae,7164
0,penay,6952
0,penaa,6310
0,penad,6299
0,penis,9493
0,penie,6893
0,peniy,6681
0,penia,6039
0,penid,6028
0,pents,9484
0,pente,6884
0,penty,6672
0,penta,6030
0,pentd,6019
0,penns,9330
0,penne,6730
0,penny,6518
0,penna,5876
0,pennd,5865
0,peoes,10970
0,peoee,8370
0,peoey,8158
0,peoea,7516
0,peoed,7505
0,peoas,9758
0,peoae,7158
0,peoay,6946
0,peoaa,6304
0,peoad,6293
0,peois,9487
0,peoie,6887
0,peoiy,6675
0,peoia,6033
0,peoid,6022
0,peots,9478
0,peote,6878
0,peoty,6666
0,peota,6024
0,peotd,6013
0,peons,9324
0,peone,6724
0,peony,6512
0,peona,5870
0,peond,5859
0,piaes,10972
0,piaee,8372
0,piaey,8160
0,piaea,7518
0,piaed,7507
0,piaas,9760
0,piaae,7160
0,piaay,6948
0,piaaa,6306
0,piaad,6295
0,piais,9489
0,piaie,6889
0,piaiy,6677
0,piaia,6035
0,piaid,6024
0,piats,9480
0,piate,6880
0,piaty,6668
0,piata,6026
0,piatd,6015
0,pians,9326
0,piane,6726
0,piany,6514
0,piana,5872
0,piand,5861
0,pires,10952
0,piree,8352
0,pirey,8140
0,pirea,7498
0,pired,7487
0,piras,9740
0,pirae,7140
0,piray,6928
0,piraa,6286
0,pirad,6275
0,piris,9469
0,pirie,6869
0,piriy,6657
0,piria,6015
0,pirid,6004
0,pirts,9460
0,pirte,6860
0,pirty,6648
0,pirta,6006
0,pirtd,5995
0,pirns,9306
0,pirne,6706
0,pirny,6494
0,pirna,5852
0,pirnd,5841
0,piies,10771
0,piiee,8171
0,piiey,7959
0,piiea,7317
0,piied,7306
0,piias,9559
0,piiae,6959
0,piiay,6747
0,piiaa,6105
0,piiad,6094
0,piiis,9288
0,piiie,6688
0,piiiy,6476
0,piiia,5834
0,piiid,5823
0,piits,9279
0,piite,6679
0,piity,6467
0,piita,5825
0,piitd,5814
0,piins,9125
0,piine,6525
0,piiny,6313
0,piina,5671
0,piind,5660
0,pines,10717
0,pinee,8117
0,piney,7905
0,pinea,7263
0,pined,7252
0,pinas,9505
0,pinae,6905
0,pinay,6693
0,pinaa,6051
0,pinad,6040
0,pinis,9234
0,pinie,6634
0,piniy,6422
0,pinia,5780
0,pinid,5769
0,pints,9225
0,pinte,6625
0,pinty,6413
0,pinta,5771
0,pintd,5760
0,pinns,9071
0,pinne,6471
0,pinny,6259
0,pinna,5617
0,pinnd,5606
0,pioes,10711
0,pioee,8111
0,pioey,7899
0,pioea,7257
0,pioed,7246
0,pioas,9499
0,pioae,6899
0,pioay,6687
0,pioaa,6045
0,pioad,6034
0,piois,9228
0,pioie,6628
0,pioiy,6416
0,pioia,5774
0,pioid,5763
0,piots,9219
0,piote,6619
0,pioty,6407
0,piota,5765
0,piotd,5754
0,pions,9065
0,pione,6465
0,piony,6253
0,piona,5611
0,piond,5600
0,puaes,10742
0,puaee,8142
0,puaey,7930
0,puaea,7288
0,puaed,7277
0,puaas,9530
0,puaae,6930
0,puaay,6718
0,puaaa,6076
0,puaad,6065
0,puais,9259
0,puaie,6659
0,puaiy,6447
0,puaia,5805
0,puaid,5794
0,puats,9250
0,puate,6650
0,puaty,6438
0,puata,5796
0,puatd,5785
0,puans,9096
0,puane,6496
0,puany,6284
0,puana,5642
0,puand,5631
0,pures,10722
0,puree,8122
0,purey,7910
0,purea,7268
0,pured,7257
0,puras,9510
0,purae,6910
0,puray,6698
0,puraa,6056
0,purad,6045
0,puris,9239
0,purie,6639
0,puriy,6427
0,puria,5785
0,purid,5774
0,purts,9230
0,purte,6630
0,purty,6418
0,purta,5776
0,purtd,5765
0,purns,9076
0,purne,6476
0,purny,6264
0,purna,5622
0,purnd,5611
0,puies,10541
0,puiee,7941
0,puiey,7729
0,puiea,7087
0,puied,7076
0,puias,9329
0,puiae,6729
0,puiay,6517
0,puiaa,5875
0,puiad,5864
0,puiis,9058
0,puiie,6458
0,puiiy,6246
0,puiia,5604
0,puiid,5593
0,puits,9049
0,puite,6449
0,puity,6237
0,puita,5595
0,puitd,5584
0,puins,8895
0,puine,6295
0,puiny,6083
0,puina,5441
0,puind,5430
0,punes,10487
0,punee,7887
0,puney,7675
0,punea,7033
0,puned,7022
0,punas,9275
0,punae,6675
0,punay,6463
0,punaa,5821
0,punad,5810
0,punis,9004
0,punie,6404
0,puniy,6192
0,punia,5550
0,punid,5539
0,punts,8995
0,punte,6395
0,punty,6183
0,punta,5541
0,puntd,5530
0,punns,8841
0,punne,6241
0,punny,6029
0,punna,5387
0,punnd,5376
0,puoes,10481
0,puoee,7881
0,puoey,7669
0,puoea,7027
0,puoed,7016
0,puoas,9269
0,puoae,6669
0,puoay,6457
0,puoaa,5815
0,puoad,5804
0,puois,8998
0,puoie,6398
0,puoiy,6186
0,puoia,5544
0,puoid,5533
0,puots,8989
0,puote,6389
0,puoty,6177
0,puota,5535
0,puotd,5524
0,puons,8835
0,puone,6235
0,puony,6023
0,puona,5381
0,puond,5370
0,baaes,11929
0,baaee,9329
0,baaey,9117
0,baaea,8475
0,baaed,8464
0,baaas,10717
0,baaae,8117
0,baaay,7905
0,baaaa,7263
0,baaad,7252
0,baais,10446
0,baaie,7846
0,baaiy,7634
0,baaia,6992
0,baaid,6981
0,baats,10437
0,baate,7837
0,baaty,7625
0,baata,6983
0,baatd,6972
0,baans,10283
0,baane,7683
0,baany,7471
0,baana,6829
0,baand,6818
0,bares,11909
0,baree,9309
0,barey,9097
0,barea,8455
0,bared,8444
0,baras,10697
0,barae,8097
0,baray,7885
0,baraa,7243
0,barad,7232
0,baris,10426
0,barie,7826
0,bariy,7614
0,baria,6972
0,barid,6961
0,barts,10417
0,barte,7817
0,barty,7605
0,barta,6963
0,bartd,6952
0,barns,10263
0,barne,7663
0,barny,7451
0,barna,6809
0,barnd,6798
0,baies,11728
0,baiee,9128
0,baiey,8916
0,baiea,8274
0,baied,8263
0,baias,10516
0,baiae,7916
0,baiay,7704
0,baiaa,7062
0,baiad,7051
0,baiis,10245
0,baiie,7645
0,baiiy,7433
0,baiia,6791
0,baiid,6780
0,baits,10236
0,baite,7636
0,baity,7424
0,baita,6782
0,baitd,6771
0,bains,10082
0,baine,7482
0,bainy,7270
0,baina,6628
0,baind,6617
0,banes,11674
0,banee,9074
0,baney,8862
0,banea,8220
0,baned,8209
0,banas,10462
0,banae,7862
0,banay,7650
0,banaa,7008
0,banad,6997
0,banis,10191
0,banie,7591
0,baniy,7379
0,bania,6737
0,banid,6726
0,bants,10182
0,bante,7582
0,banty,7370
0,banta,6728
0,bantd,6717
0,banns,10028
0,banne,7428
0,banny,7216
0,banna,6574
0,bannd,6563
0,baoes,11668
0,baoee,9068
0,baoey,8856
0,baoea,8214
0,baoed,8203
0,baoas,10456
0,baoae,7856
0,baoay,7644
0,baoaa,7002
0,baoad,6991
0,baois,10185
0,baoie,7585
0,baoiy,7373
0,baoia,6731
0,baoid,6720
0,baots,10176
0,baote,7576
0,baoty,7364
0,baota,6722
0,baotd,6711
0,baons,10022
0,baone,7422
0,baony,7210
0,baona,6568
0,baond,6557
0,boaes,11661
0,boaee,9061
0,boaey,8849
0,boaea,8207
0,boaed,8196
0,boaas,10449
0,boaae,7849
0,boaay,7637
0,boaaa,6995
0,boaad,6984
0,boais,10178
0,boaie,7578
0,boaiy,7366
0,boaia,6724
0,boaid,6713
0,boats,10169
0,boate,7569
0,boaty,7357
0,boata,6715
0,boatd,6704
0,boans,10015
0,boane,7415
0,boany,7203
0,boana,6561
0,boand,6550
0,bores,11641
0,boree,9041
0,borey,8829
0,borea,8187
0,bored,8176
0,boras,10429
0,borae,7829
0,boray,7617
0,boraa,6975
0,borad,6964
0,boris,10158
0,borie,7558
0,boriy,7346
0,boria,6704
0,borid,6693
0,borts,10149
0,borte,7549
0,borty,7337
0,borta,6695
0,bortd,6684
0,borns,9995
0,borne,7395
0,borny,7183
0,borna,6541
0,bornd,6530
0,boies,11460
0,boiee,8860
0,boiey,8648
0,boiea,8006
0,boied,7995
0,boias,10248
0,boiae,7648
0,boiay,7436
0,boiaa,6794
0,boiad,6783
0,boiis,9977
0,boiie,7377
0,boiiy,7165
0,boiia,6523
0,boiid,6512
0,boits,9968
0,boite,7368
0,boity,7156
0,boita,6514
0,boitd,6503
0,boins,9814
0,boine,7214
0,boiny,7002
0,boina,6360
0,boind,6349
0,bones,11406
0,bonee,8806
0,boney,8594
0,bonea,7952
0,boned,7941
0,bonas,10194
0,bonae,7594
0,bonay,7382
0,bonaa,6740
0,bonad,6729
0,bonis,9923
0,bonie,7323
0,boniy,7111
0,bonia,6469
0,bonid,6458
0,bonts,9914
0,bonte,7314
0,bonty,7102
0,bonta,6460
0,bontd,6449
0,bonns,9760
0,bonne,7160
0,bonny,6948
0,bonna,6306
0,bonnd,6295
0,booes,11400
0,booee,8800
0,booey,8588
0,booea,7946
0,booed,7935
0,booas,10188
0,booae,7588
0,booay,7376
0,booaa,6734
0,booad,6723
0,boois,9917
0,booie,7317
0,booiy,7105
0,booia,6463
0,booid,6452
0,boots,9908
0,boote,7308
0,booty,7096
0,boota,6454
0,bootd,6443
0,boons,9754
0,boone,7154
0,boony,6942
0,boona,6300
0,boond,6289
0,beaes,11104
0,beaee,8504
0,beaey,8292
0,beaea,7650
0,beaed,7639
0,beaas,9892
0,beaae,7292
0,beaay,7080
0,beaaa,6438
0,beaad,6427
0,beais,9621
0,beaie,7021
0,beaiy,6809
0,beaia,6167
0,beaid,6156
0,beats,9612
0,beate,7012
0,beaty,6800
0,beata,6158
0,beatd,6147
0,beans,9458
0,beane,6858
0,beany,6646
0,beana,6004
0,beand,5993
0,beres,11084
0,beree,8484
0,berey,8272
0,berea,7630
0,bered,7619
0,beras,9872
0,berae,7272
0,beray,7060
0,beraa,6418
0,berad,6407
0,beris,9601
0,berie,7001
0,beriy,6789
0,beria,6147
0,berid,6136
0,berts,9592
0,berte,6992
0,berty,6780
0,berta,6138
0,bertd,6127
0,berns,9438
0,berne,6838
0,berny,6626
0,berna,5984
0,bernd,5973
0,beies,10903
0,beiee,8303
0,beiey,8091
0,beiea,7449
0,beied,7438
0,beias,9691
0,beiae,7091
0,beiay,6879
0,beiaa,6237
0,beiad,6226
0,beiis,9420
0,beiie,6820
0,beiiy,6608
0,beiia,5966
0,beiid,5955
0,beits,9411
0,beite,6811
0,beity,6599
0,beita,5957
0,beitd,5946
0,beins,9257
0,beine,6657
0,beiny,6445
0,beina,5803
0,beind,5792
0,benes,10849
0,benee,8249
0,beney,8037
0,benea,7395
0,bened,7384
0,benas,9637
0,benae,7037
0,benay,6825
0,benaa,6183
0,benad,6172
0,benis,9366
0,benie,6766
0,beniy,6554
0,benia,5912
0,benid,5901
0,bents,9357
0,bente,6757
0,benty,6545
0,benta,5903
0,bentd,5892
0,benns,9203
0,benne,6603
0,benny,6391
0,benna,5749
0,bennd,5738
0,beoes,10843
0,beoee,8243
0,beoey,8031
0,beoea,7389
0,beoed,7378
0,beoas,9631
0,beoae,7031
0,beoay,6819
0,beoaa,6177
0,beoad,6166
0,beois,9360
0,beoie,6760
0,beoiy,6548
0,beoia,5906
0,beoid,5895
0,beots,9351
0,beote,6751
0,beoty,6539
0,beota,5897
0,beotd,5886
0,beons,9197
0,beone,6597
0,beony,6385
0,beona,5743
0,beond,5732
0,biaes,10845
0,biaee,8245
0,biaey,8033
0,biaea,7391
0,biaed,7380
0,biaas,9633
0,biaae,7033
0,biaay,6821
0,biaaa,6179
0,biaad,6168
0,biais,9362
0,biaie,6762
0,biaiy,6550
0,biaia,5908
0,biaid,5897
0,biats,9353
0,biate,6753
0,biaty,6541
0,biata,5899
0,biatd,5888
0,bians,9199
0,biane,6599
0,biany,6387
0,biana,5745
0,biand,5734
0,bires,10825
0,biree,8225
0,birey,8013
0,birea,7371
0,bired,7360
0,biras,9613
0,birae,7013
0,biray,6801
0,biraa,6159
0,birad,6148
0,biris,9342
0,birie,6742
0,biriy,6530
0,biria,5888
0,birid,5877
0,birts,9333
0,birte,6733
0,birty,6521
0,birta,5879
0,birtd,5868
0,birns,9179
0,birne,6579
0,birny,6367
0,birna,5725
0,birnd,5714
0,biies,10644
0,biiee,8044
0,biiey,7832
0,biiea,7190
0,biied,7179
0,biias,9432
0,biiae,6832
0,biiay,6620
0,biiaa,5978
0,biiad,5967
0,biiis,9161
0,biiie,6561
0,biiiy,6349
0,biiia,5707
0,biiid,5696
0,biits,9152
0,biite,6552
0,biity,6340
0,biita,5698
0,biitd,5687
0,biins,8998
0,biine,6398
0,biiny,6186
0,biina,5544
0,biind,5533
0,bines,10590
0,binee,7990
0,biney,7778
0,binea,7136
0,bined,7125
0,binas,9378
0,binae,6778
0,binay,6566
0,binaa,5924
0,binad,5913
0,binis,9107
0,binie,6507
0,biniy,6295
0,binia,5653
0,binid,5642
0,bints,9098
0,binte,6498
0,binty,6286
0,binta,5644
0,bintd,5633
0,binns,8944
0,binne,6344
0,binny,6132
0,binna,5490
0,binnd,5479
0,bioes,10584
0,bioee,7984
0,bioey,7772
0,bioea,7130
0,bioed,7119
0,bioas,9372
0,bioae,6772
0,bioay,6560
0,bioaa,5918
0,bioad,5907
0,biois,9101
0,bioie,6501
0,bioiy,6289
0,bioia,5647
0,bioid,5636
0,biots,9092
0,biote,6492
0,bioty,6280
0,biota,5638
0,biotd,5627
0,bions,8938
0,bione,6338
0,biony,6126
0,biona,5484
0,biond,5473
0,buaes,10615
0,buaee,8015
0,buaey,7803
0,buaea,7161
0,buaed,7150
0,buaas,9403
0,buaae,6803
0,buaay,6591
0,buaaa,5949
0,buaad,5938
0,buais,9132
0,buaie,6532
0,buaiy,6320
0,buaia,5678
0,buaid,5667
0,buats,9123
0,buate,6523
0,buaty,6311
0,buata,5669
0,buatd,5658
0,buans,8969
0,buane,6369
0,buany,6157
0,buana,5515
0,buand,5504
0,bures,10595
0,buree,7995
0,burey,7783
0,burea,7141
0,bured,7130
0,buras,9383
0,burae,6783
0,buray,6571
0,buraa,5929
0,burad,5918
0,buris,9112
0,burie,6512
0,buriy,6300
0,buria,5658
0,burid,5647
0,burts,9103
0,burte,6503
0,burty,6291
0,burta,5649
0,burtd,5638
0,burns,8949
0,burne,6349
0,burny,6137
0,burna,5495
0,burnd,5484
0,buies,10414
0,buiee,7814
0,buiey,7602
0,buiea,6960
0,buied,6949
0,buias,9202
0,buiae,6602
0,buiay,6390
0,buiaa,5748
0,buiad,5737
0,buiis,8931
0,buiie,6331
0,buiiy,6119
0,buiia,5477
0,buiid,5466
0,buits,8922
0,buite,6322
0,buity,6110
0,buita,5468
0,buitd,5457
0,buins,8768
0,buine,6168
0,buiny,5956
0,buina,5314
0,buind,5303
0,bunes,10360
0,bunee,7760
0,buney,7548
0,bunea,6906
0,buned,6895
0,bunas,9148
0,bunae,6548
0,bunay,6336
0,bunaa,5694
0,bunad,5683
0,bunis,8877
0,bunie,6277
0,buniy,6065
0,bunia,5423
0,bunid,5412
0,bunts,8868
0,bunte,6268
0,bunty,6056
0,bunta,5414
0,buntd,5403
0,bunns,8714
0,bunne,6114
0,bunny,5902
0,bunna,5260
0,bunnd,5249
0,buoes,10354
0,buoee,7754
0,buoey,7542
0,buoea,6900
0,buoed,6889
0,buoas,9142
0,buoae,6542
0,buoay,6330
0,buoaa,5688
0,buoad,5677
0,buois,8871
0,buoie,6271
0,buoiy,6059
0,buoia,5417
0,buoid,5406
0,buots,8862
0,buote,6262
0,buoty,6050
0,buota,5408
0,buotd,5397
0,buons,8708
0,buone,6108
0,buony,5896
0,buona,5254
0,buond,5243
0,caaes,11896
0,caaee,9296
0,caaey,9084
0,caaea,8442
0,caaed,8431
0,caaas,10684
0,caaae,8084
0,caaay,7872
0,caaaa,7230
0,caaad,7219
0,caais,10413
0,caaie,7813
0,caaiy,7601
0,caaia,6959
0,caaid,6948
0,caats,10404
0,caate,7804
0,caaty,7592
0,caata,6950
0,caatd,6939
0,caans,10250
0,caane,7650
0,caany,7438
0,caana,6796
0,caand,6785
0,cares,11876
0,caree,9276
0,carey,9064
0,carea,8422
0,cared,8411
0,caras,10664
0,carae,8064
0,caray,7852
0,caraa,7210
0,carad,7199
0,caris,10393
0,carie,7793
0,cariy,7581
0,caria,6939
0,carid,6928
0,carts,10384
0,carte,7784
0,carty,7572
0,carta,6930
0,cartd,6919
0,carns,10230
0,carne,7630
0,carny,7418
0,carna,6776
0,carnd,6765
0,caies,11695
0,caiee,9095
0,caiey,8883
0,caiea,8241
0,caied,8230
0,caias,10483
0,caiae,7883
0,caiay,7671
0,caiaa,7029
0,caiad,7018
0,caiis,10212
0,caiie,7612
0,caiiy,7400
0,caiia,6758
0,caiid,6747
0,caits,10203
0,caite,7603
0,caity,7391
0,caita,6749
0,caitd,6738
0,cains,10049
0,caine,7449
0,cainy,7237
0,caina,6595
0,caind,6584
0,canes,11641
0,canee,9041
0,caney,8829
0,canea,8187
0,caned,8176
0,canas,10429
0,canae,7829
0,canay,7617
0,canaa,6975
0,canad,6964
0,canis,10158
0,canie,7558
0,caniy,7346
0,cania,6704
0,canid,6693
0,cants,10149
0,cante,7549
0,canty,7337
0,canta,6695
0,cantd,6684
0,canns,9995
0,canne,7395
0,canny,7183
0,canna,6541
0,cannd,6530
0,caoes,11635
0,caoee,9035
0,caoey,8823
0,caoea,8181
0,caoed,8170
0,caoas,10423
0,caoae,7823
0,caoay,7611
0,caoaa,6969
0,caoad,6958
0,caois,10152
0,caoie,7552
0,caoiy,7340
0,caoia,6698
0,caoid,6687
0,caots,10143
0,caote,7543
0,caoty,7331
0,caota,6689
0,caotd,6678
0,caons,9989
0,caone,7389
0,caony,7177
0,caona,6535
0,caond,6524
0,coaes,11628
0,coaee,9028
0,coaey,8816
0,coaea,8174
0,coaed,8163
0,coaas,10416
0,coaae,7816
0,coaay,7604
0,coaaa,6962
0,coaad,6951
0,coais,10145
0,coaie,7545
0,coaiy,7333
0,coaia,6691
0,coaid,6680
0,coats,10136
0,coate,7536
0,coaty,7324
0,coata,6682
0,coatd,6671
0,coans,9982
0,coane,7382
0,coany,7170
0,coana,6528
0,coand,6517
0,cores,11608
0,coree,9008
0,corey,8796
0,corea,8154
0,cored,8143
0,coras,10396
0,corae,7796
0,coray,7584
0,coraa,6942
0,corad,6931
0,coris,10125
0,corie,7525
0,coriy,7313
0,coria,6671
0,corid,6660
0,corts,10116
0,corte,7516
0,corty,7304
0,corta,6662
0,cortd,6651
0,corns,9962
0,corne,7362
0,corny,7150
0,corna,6508
0,cornd,6497
0,coies,11427
0,coiee,8827
0,coiey,8615
0,coiea,7973
0,coied,7962
0,coias,10215
0,coiae,7615
0,coiay,7403
0,coiaa,6761
0,coiad,6750
0,coiis,9944
0,coiie,7344
0,coiiy,7132
0,coiia,6490
0,coiid,6479
0,coits,9935
0,coite,7335
0,coity,7123
0,coita,6481
0,coitd,6470
0,coins,9781
0,coine,7181
0,coiny,6969
0,coina,6327
0,coind,6316
0,cones,11373
0,conee,8773
0,coney,8561
0,conea,7919
0,coned,7908
0,conas,10161
0,conae,7561
0,conay,7349
0,conaa,6707
0,conad,6696
0,conis,9890
0,conie,7290
0,coniy,7078
0,conia,6436
0,conid,6425
0,conts,9881
0,conte,7281
0,conty,7069
0,conta,6427
0,contd,6416
0,conns,9727
0,conne,7127
0,conny,6915
0,conna,6273
0,connd,6262
0,cooes,11367
0,cooee,8767
0,cooey,8555
0,cooea,7913
0,cooed,7902
0,cooas,10155
0,cooae,7555
0,cooay,7343
0,cooaa,6701
0,cooad,6690
0,coois,9884
0,cooie,7284
0,cooiy,7072
0,cooia,6430
0,cooid,6419
0,coots,9875
0,coote,7275
0,cooty,7063
0,coota,6421
0,cootd,6410
0,coons,9721
0,coone,7121
0,coony,6909
0,coona,6267
0,coond,6256
0,ceaes,11071
0,ceaee,8471
0,ceaey,8259
0,ceaea,7617
0,ceaed,7606
0,ceaas,9859
0,ceaae,7259
0,ceaay,7047
0,ceaaa,6405
0,ceaad,6394
0,ceais,9588
0,ceaie,6988
0,ceaiy,6776
0,ceaia,6134
0,ceaid,6123
0,ceats,9579
0,ceate,6979
0,ceaty,6767
0,ceata,6125
0,ceatd,6114
0,ceans,9425
0,ceane,6825
0,ceany,6613
0,ceana,5971
0,ceand,5960
0,ceres,11051
0,ceree,8451
0,cerey,8239
0,cerea,7597
0,cered,7586
0,ceras,9839
0,cerae,7239
0,ceray,7027
0,ceraa,6385
0,cerad,6374
0,ceris,9568
0,cerie,6968
0,ceriy,6756
0,ceria,6114
0,cerid,6103
0,certs,9559
0,certe,6959
0,certy,6747
0,certa,6105
0,certd,6094
0,cerns,9405
0,cerne,6805
0,cerny,6593
0,cerna,5951
0,cernd,5940
0,ceies,10870
0,ceiee,8270
0,ceiey,8058
0,ceiea,7416
0,ceied,7405
0,ceias,9658
0,ceiae,7058
0,ceiay,6846
0,ceiaa,6204
0,ceiad,6193
0,ceiis,9387
0,ceiie,6787
0,ceiiy,6575
0,ceiia,5933
0,ceiid,5922
0,ceits,9378
0,ceite,6778
0,ceity,6566
0,ceita,5924
0,ceitd,5913
0,ceins,9224
0,ceine,6624
0,ceiny,6412
0,ceina,5770
0,ceind,5759
0,cenes,10816
0,cenee,8216
0,ceney,8004
0,cenea,7362
0,cened,7351
0,cenas,9604
0,cenae,7004
0,cenay,6792
0,cenaa,6150
0,cenad,6139
0,cenis,9333
0,cenie,6733
0,ceniy,6521
0,cenia,5879
0,cenid,5868
0,cents,9324
0,cente,6724
0,centy,6512
0,centa,5870
0,centd,5859
0,cenns,9170
0,cenne,6570
0,cenny,6358
0,cenna,5716
0,cennd,5705
0,ceoes,10810
0,ceoee,8210
0,ceoey,7998
0,ceoea,7356
0,ceoed,7345
0,ceoas,9598
0,ceoae,6998
0,ceoay,6786
0,ceoaa,6144
0,ceoad,6133
0,ceois,9327
0,ceoie,6727
0,ceoiy,6515
0,ceoia,5873
0,ceoid,5862
0,ceots,9318
0,ceote,6718
0,ceoty,6506
0,ceota,5864
0,ceotd,5853
0,ceons,9164
0,ceone,6564
0,ceony,6352
0,ceona,5710
0,ceond,5699
0,ciaes,10812
0,ciaee,8212
0,ciaey,8000
0,ciaea,7358
0,ciaed,7347
0,ciaas,9600
0,ciaae,7000
0,ciaay,6788
0,ciaaa,6146
0,ciaad,6135
0,ciais,9329
0,ciaie,6729
0,ciaiy,6517
0,ciaia,5875
0,ciaid,5864
0,ciats,9320
0,ciate,6720
0,ciaty,6508
0,ciata,5866
0,ciatd,5855
0,cians,9166
0,ciane,6566
0,ciany,6354
0,ciana,5712
0,ciand,5701
0,cires,10792
0,ciree,8192
0,cirey,7980
0,cirea,7338
0,cired,7327
0,ciras,9580
0,cirae,6980
0,ciray,6768
0,ciraa,6126
0,cirad,6115
0,ciris,9309
0,cirie,6709
0,ciriy,6497
0,ciria,5855
0,cirid,5844
0,cirts,9300
0,cirte,6700
0,cirty,6488
0,cirta,5846
0,cirtd,5835
0,cirns,9146
0,cirne,6546
0,cirny,6334
0,cirna,5692
0,cirnd,5681
0,ciies,10611
0,ciiee,8011
0,ciiey,7799
0,ciiea,7157
0,ciied,7146
0,ciias,9399
0,ciiae,6799
0,ciiay,6587
0,ciiaa,5945
0,ciiad,5934
0,ciiis,9128
0,ciiie,6528
0,ciiiy,6316
0,ciiia,5674
0,ciiid,5663
0,ciits,9119
0,ciite,6519
0,ciity,6307
0,ciita,5665
0,ciitd,5654
0,ciins,8965
0,ciine,6365
0,ciiny,6153
0,ciina,5511
0,ciind,5500
0,cines,10557
0,cinee,7957
0,ciney,7745
0,cinea,7103
0,cined,7092
0,cinas,9345
0,cinae,6745
0,cinay,6533
0,cinaa,5891
0,cinad,5880
0,cinis,9074
0,cinie,6474
0,ciniy,6262
0,cinia,5620
0,cinid,5609
0,cints,9065
0,cinte,6465
0,cinty,6253
0,cinta,5611
0,cintd,5600
0,cinns,8911
0,cinne,6311
0,cinny,6099
0,cinna,5457
0,cinnd,5446
0,cioes,10551
0,cioee,7951
0,cioey,7739
0,cioea,7097
0,cioed,7086
0,cioas,9339
0,cioae,6739
0,cioay,6527
0,cioaa,5885
0,cioad,5874
0,ciois,9068
0,cioie,6468
0,cioiy,6256
0,cioia,5614
0,cioid,5603
0,ciots,9059
0,ciote,6459
0,cioty,6247
0,ciota,5605
0,ciotd,5594
0,cions,8905
0,cione,6305
0,ciony,6093
0,ciona,5451
0,ciond,5440
0,cuaes,10582
0,cuaee,7982
0,cuaey,7770
0,cuaea,7128
0,cuaed,7117
0,cuaas,9370
0,cuaae,6770
0,cuaay,6558
0,cuaaa,5916
0,cuaad,5905
0,cuais,9099
0,cuaie,6499
0,cuaiy,6287
0,cuaia,5645
0,cuaid,5634
0,cuats,9090
0,cuate,6490
0,cuaty,6278
0,cuata,5636
0,cuatd,5625
0,cuans,8936
0,cuane,6336
0,cuany,6124
0,cuana,5482
0,cuand,5471
0,cures,10562
0,curee,7962
0,curey,7750
0,curea,7108
0,cured,7097
0,curas,9350
0,curae,6750
0,curay,6538
0,curaa,5896
0,curad,5885
0,curis,9079
0,curie,6479
0,curiy,6267
0,curia,5625
0,curid,5614
0,curts,9070
0,curte,6470
0,curty,6258
0,curta,5616
0,curtd,5605
0,curns,8916
0,curne,6316
0,curny,6104
0,curna,5462
0,curnd,5451
0,cuies,10381
0,cuiee,7781
0,cuiey,7569
0,cuiea,6927
0,cuied,6916
0,cuias,9169
0,cuiae,6569
0,cuiay,6357
0,cuiaa,5715
0,cuiad,5704
0,cuiis,8898
0,cuiie,6298
0,cuiiy,6086
0,cuiia,5444
0,cuiid,5433
0,cuits,8889
0,cuite,6289
0,cuity,6077
0,cuita,5435
0,cuitd,5424
0,cuins,8735
0,cuine,6135
0,cuiny,5923
0,cuina,5281
0,cuind,5270
0,cunes,10327
0,cunee,7727
0,cuney,7515
0,cunea,6873
0,cuned,6862
0,cunas,9115
0,cunae,6515
0,cunay,6303
0,cunaa,5661
0,cunad,5650
0,cunis,8844
0,cunie,6244
0,cuniy,6032
0,cunia,5390
0,cunid,5379
0,cunts,8835
0,cunte,6235
0,cunty,6023
0,cunta,5381
0,cuntd,5370
0,cunns,8681
0,cunne,6081
0,cunny,5869
0,cunna,5227
0,cunnd,5216
0,cuoes,10321
0,cuoee,7721
0,cuoey,7509
0,cuoea,6867
0,cuoed,6856
0,cuoas,9109
0,cuoae,6509
0,cuoay,6297
0,cuoaa,5655
0,cuoad,5644
0,cuois,8838
0,cuoie,6238
0,cuoiy,6026
0,cuoia,5384
0,cuoid,5373
0,cuots,8829
0,cuote,6229
0,cuoty,6017
0,cuota,5375
0,cuotd,5364
0,cuons,8675
0,cuone,6075
0,cuony,5863
0,cuona,5221
0,cuond,5210
0,maaes,11877
0,maaee,9277
0,maaey,9065
0,maaea,8423
0,maaed,8412
0,maaas,10665
0,maaae,8065
0,maaay,7853
0,maaaa,7211
0,maaad,7200
0,maais,10394
0,maaie,7794
0,maaiy,7582
0,maaia,6940
0,maaid,6929
0,maats,10385
0,maate,7785
0,maaty,7573
0,maata,6931
0,maatd,6920
0,maans,10231
0,maane,7631
0,maany,7419
0,maana,6777
0,maand,6766
0,mares,11857
0,maree,9257
0,marey,9045
0,marea,8403
0,mared,8392
0,maras,10645
0,marae,8045
0,maray,7833
0,maraa,7191
0,marad,7180
0,maris,10374
0,marie,7774
0,mariy,7562
0,maria,6920
0,marid,6909
0,marts,10365
0,marte,7765
0,marty,7553
0,marta,6911
0,martd,6900
0,marns,10211
0,marne,7611
0,marny,7399
0,marna,6757
0,marnd,6746
0,maies,11676
0,maiee,9076
0,maiey,8864
0,maiea,8222
0,maied,8211
0,maias,10464
0,maiae,7864
0,maiay,7652
0,maiaa,7010
0,maiad,6999
0,maiis,10193
0,maiie,7593
0,maiiy,7381
0,maiia,6739
0,maiid,6728
0,maits,10184
0,maite,7584
0,maity,7372
0,maita,6730
0,maitd,6719
0,mains,10030
0,maine,7430
0,mainy,7218
0,maina,6576
0,maind,6565
0,manes,11622
0,manee,9022
0,maney,8810
0,manea,8168
0,maned,8157
0,manas,10410
0,manae,7810
0,manay,7598
0,manaa,6956
0,manad,6945
0,manis,10139
0,manie,7539
0,maniy,7327
0,mania,6685
0,manid,6674
0,mants,10130
0,mante,7530
0,manty,7318
0,manta,6676
0,mantd,6665
0,manns,9976
0,manne,7376
0,manny,7164
0,manna,6522
0,mannd,6511
0,maoes,11616
0,maoee,9016
0,maoey,8804
0,maoea,8162
0,maoed,8151
0,maoas,10404
0,maoae,7804
0,maoay,7592
0,maoaa,6950
0,maoad,6939
0,maois,10133
0,maoie,7533
0,maoiy,7321
0,maoia,6679
0,maoid,6668
0,maots,10124
0,maote,7524
0,maoty,7312
0,maota,6670
0,maotd,6659
0,maons,9970
0,maone,7370
0,maony,7158
0,maona,6516
0,maond,6505
0,moaes,11609
0,moaee,9009
0,moaey,8797
0,moaea,8155
0,moaed,8144
0,moaas,10397
0,moaae,7797
0,moaay,7585
0,moaaa,6943
0,moaad,6932
0,moais,10126
0,moaie,7526
0,moaiy,7314
0,moaia,6672
0,moaid,6661
0,moats,10117
0,moate,7517
0,moaty,7305
0,moata,6663
0,moatd,6652
0,moans,9963
0,moane,7363
0,moany,7151
0,moana,6509
0,moand,6498
0,mores,11589
0,moree,8989
0,morey,8777
0,morea,8135
0,mored,8124
0,moras,10377
0,morae,7777
0,moray,7565
0,moraa,6923
0,morad,6912
0,moris,10106
0,morie,7506
0,moriy,7294
0,moria,6652
0,morid,6641
0,morts,10097
0,morte,7497
0,morty,7285
0,morta,6643
0,mortd,6632
0,morns,9943
0,morne,7343
0,morny,7131
0,morna,6489
0,mornd,6478
0,moies,11408
0,moiee,8808
0,moiey,8596
0,moiea,7954
0,moied,7943
0,moias,10196
0,moiae,7596
0,moiay,7384
0,moiaa,6742
0,moiad,6731
0,moiis,9925
0,moiie,7325
0,moiiy,7113
0,moiia,6471
0,moiid,6460
0,moits,9916
0,moite,7316
0,moity,7104
0,moita,6462
0,moitd,6451
0,moins,9762
0,moine,7162
0,moiny,6950
0,moina,6308
0,moind,6297
0,mones,11354
0,monee,8754
0,money,8542
0,monea,7900
0,moned,7889
0,monas,10142
0,monae,7542
0,monay,7330
0,monaa,6688
0,monad,6677
0,monis,9871
0,monie,7271
0,moniy,7059
0,monia,6417
0,monid,6406
0,monts,9862
0,monte,7262
0,monty,7050
0,monta,6408
0,montd,6397
0,monns,9708
0,monne,7108
0,monny,6896
0,monna,6254
0,monnd,6243
0,mooes,11348
0,mooee,8748
0,mooey,8536
0,mooea,7894
0,mooed,7883
0,mooas,10136
0,mooae,7536
0,mooay,7324
0,mooaa,6682
0,mooad,6671
0,moois,9865
0,mooie,7265
0,mooiy,7053
0,mooia,6411
0,mooid,6400
0,moots,9856
0,moote,7256
0,mooty,7044
0,moota,6402
0,mootd,6391
0,moons,9702
0,moone,7102
0,moony,6890
0,moona,6248
0,moond,6237
0,meaes,11052
0,meaee,8452
0,meaey,8240
0,meaea,7598
0,meaed,7587
0,meaas,9840
0,meaae,7240
0,meaay,7028
0,meaaa,6386
0,meaad,6375
0,meais,9569
0,meaie,6969
0,meaiy,6757
0,meaia,6115
0,meaid,6104
0,meats,9560
0,meate,6960
0,meaty,6748
0,meata,6106
0,meatd,6095
0,means,9406
0,meane,6806
0,meany,6594
0,meana,5952
0,meand,5941
0,meres,11032
0,meree,8432
0,merey,8220
0,merea,7578
0,mered,7567
0,meras,9820
0,merae,7220
0,meray,7008
0,meraa,6366
0,merad,6355
0,meris,9549
0,merie,6949
0,meriy,6737
0,meria,6095
0,merid,6084
0,merts,9540
0,merte,6940
0,merty,6728
0,merta,6086
0,mertd,6075
0,merns,9386
0,merne,6786
0,merny,6574
0,merna,5932
0,mernd,5921
0,meies,10851
0,meiee,8251
0,meiey,8039
0,meiea,7397
0,meied,7386
0,meias,9639
0,meiae,7039
0,meiay,6827
0,meiaa,6185
0,meiad,6174
0,meiis,9368
0,meiie,6768
0,meiiy,6556
0,meiia,5914
0,meiid,5903
0,meits,9359
0,meite,6759
0,meity,6547
0,meita,5905
0,meitd,5894
0,meins,9205
0,meine,6605
0,meiny,6393
0,meina,5751
0,meind,5740
0,menes,10797
0,menee,8197
0,meney,7985
0,menea,7343
0,mened,7332
0,menas,9585
0,menae,6985
0,menay,6773
0,menaa,6131
0,menad,6120
0,menis,9314
0,menie,6714
0,meniy,6502
0,menia,5860
0,menid,5849
0,ments,9305
0,mente,6705
0,menty,6493
0,menta,5851
0,mentd,5840
0,menns,9151
0,menne,6551
0,menny,6339
0,menna,5697
0,mennd,5686
0,meoes,10791
0,meoee,8191
0,meoey,7979
0,meoea,7337
0,meoed,7326
0,meoas,9579
0,meoae,6979
0,meoay,6767
0,meoaa,6125
0,meoad,6114
0,meois,9308
0,meoie,6708
0,meoiy,6496
0,meoia,5854
0,meoid,5843
0,meots,9299
0,meote,6699
0,meoty,6487
0,meota,5845
0,meotd,5834
0,meons,9145
0,meone,6545
0,meony,6333
0,meona,5691
0,meond,5680
0,miaes,10793
0,miaee,8193
0,miaey,7981
0,miaea,7339
0,miaed,7328
0,miaas,9581
0,miaae,6981
0,miaay,6769
0,miaaa,6127
0,miaad,6116
0,miais,9310
0,miaie,6710
0,miaiy,6498
0,miaia,5856
0,miaid,5845
0,miats,9301
0,miate,6701
0,miaty,6489
0,miata,5847
0,miatd,5836
0,mians,9147
0,miane,6547
0,miany,6335
0,miana,5693
0,miand,5682
0,mires,10773
0,miree,8173
0,mirey,7961
0,mirea,7319
0,mired,7308
0,miras,9561
0,mirae,6961
0,miray,6749
0,miraa,6107
0,mirad,6096
0,miris,9290
0,mirie,6690
0,miriy,6478
0,miria,5836
0,mirid,5825
0,mirts,9281
0,mirte,6681
0,mirty,6469
0,mirta,5827
0,mirtd,5816
0,mirns,9127
0,mirne,6527
0,mirny,6315
0,mirna,5673
0,mirnd,5662
0,miies,10592
0,miiee,7992
0,miiey,7780
0,miiea,7138
0,miied,7127
0,miias,9380
0,miiae,6780
0,miiay,6568
0,miiaa,5926
0,miiad,5915
0,miiis,9109
0,miiie,6509
0,miiiy,6297
0,miiia,5655
0,miiid,5644
0,miits,9100
0,miite,6500
0,miity,6288
0,miita,5646
0,miitd,5635
0,miins,8946
0,miine,6346
0,miiny,6134
0,miina,5492
0,miind,5481
0,mines,10538
0,minee,7938
0,miney,7726
0,minea,7084
0,mined,7073
0,minas,9326
0,minae,6726
0,minay,6514
0,minaa,5872
0,minad,5861
0,minis,9055
0,minie,6455
0,miniy,6243
0,minia,5601
0,minid,5590
0,mints,9046
0,minte,6446
0,minty,6234
0,minta,5592
0,mintd,5581
0,minns,8892
0,minne,6292
0,minny,6080
0,minna,5438
0,minnd,5427
0,mioes,10532
0,mioee,7932
0,mioey,7720
0,mioea,7078
0,mioed,7067
0,mioas,9320
0,mioae,6720
0,mioay,6508
0,mioaa,5866
0,mioad,5855
0,miois,9049
0,mioie,6449
0,mioiy,6237
0,mioia,5595
0,mioid,5584
0,miots,9040
0,miote,6440
0,mioty,6228
0,miota,5586
0,miotd,5575
0,mions,8886
0,mione,6286
0,miony,6074
0,miona,5432
0,miond,5421
0,muaes,10563
0,muaee,7963
0,muaey,7751
0,muaea,7109
0,muaed,7098
0,muaas,9351
0,muaae,6751
0,muaay,6539
0,muaaa,5897
0,muaad,5886
0,muais,9080
0,muaie,6480
0,muaiy,6268
0,muaia,5626
0,muaid,5615
0,muats,9071
0,muate,6471
0,muaty,6259
0,muata,5617
0,muatd,5606
0,muans,8917
0,muane,6317
0,muany,6105
0,muana,5463
0,muand,5452
0,mures,10543
0,muree,7943
0,murey,7731
0,murea,7089
0,mured,7078
0,muras,9331
0,murae,6731
0,muray,6519
0,muraa,5877
0,murad,5866
0,muris,9060
0,murie,6460
0,muriy,6248
0,muria,5606
0,murid,5595
0,murts,9051
0,murte,6451
0,murty,6239
0,murta,5597
0,murtd,5586
0,murns,8897
0,murne,6297
0,murny,6085
0,murna,5443
0,murnd,5432
0,muies,10362
0,muiee,7762
0,muiey,7550
0,muiea,6908
0,muied,6897
0,muias,9150
0,muiae,6550
0,muiay,6338
0,muiaa,5696
0,muiad,5685
0,muiis,8879
0,muiie,6279
0,muiiy,6067
0,muiia,5425
0,muiid,5414
0,muits,8870
0,muite,6270
0,muity,6058
0,muita,5416
0,muitd,5405
0,muins,8716
0,muine,6116
0,muiny,5904
0,muina,5262
0,muind,5251
0,munes,10308
0,munee,7708
0,muney,7496
0,munea,6854
0,muned,6843
0,munas,9096
0,munae,6496
0,munay,6284
0,munaa,5642
0,munad,5631
0,munis,8825
0,munie,6225
0,muniy,6013
0,munia,5371
0,munid,5360
0,munts,8816
0,munte,6216
0,munty,6004
0,munta,5362
0,muntd,5351
0,munns,8662
0,munne,6062
0,munny,5850
0,munna,5208
0,munnd,5197
0,muoes,10302
0,muoee,7702
0,muoey,7490
0,muoea,6848
0,muoed,6837
0,muoas,9090
0,muoae,6490
0,muoay,6278
0,muoaa,5636
0,muoad,5625
0,muois,8819
0,muoie,6219
0,muoiy,6007
0,muoia,5365
0,muoid,5354
0,muots,8810
0,muote,6210
0,muoty,5998
0,muota,5356
0,muotd,5345
0,muons,8656
0,muone,6056
0,muony,5844
0,muona,5202
0,muond,5191
